Model,Accuracy,Precision,Recall,F1-Score,ROC-AUC
XGBoost,0.9627142101192657,0.008823529411764706,0.024193548387096774,0.01293103448275862,0.515827678212575
Decision Tree,0.8090934994097774,0.011223591549295775,0.2056451612903226,0.021285475792988316,0.5118798987649374
Random Forest,0.8049008832987341,0.009920207030407592,0.18548387096774194,0.018833162743091096,0.5035116243903279
Logistic Regression,0.8901778808971385,0.010391686650679457,0.10483870967741936,0.01890909090909091,0.494463541715027
